schemaName,databaseType,tableID,tableName,fieldID,fieldName,ruleID,ruleName,ruleDescription,typeID,objectType,supportDataType,threshold,totalRecord,badRecord,score,isCheckPass
CEMOD,BIGDATA,200008,US_BB_STREAMING_1,2000081,REPORT_TIME,1,CHECK_IF_ATTRIBUTE_HAS_VALUE,Attribute  should have valid values,Completeness,field,Datetime,10,2104428,0,100,Y
CEMOD,BIGDATA,200008,US_BB_STREAMING_1,2000082,LOAD_TIME,1,CHECK_IF_ATTRIBUTE_HAS_VALUE,Attribute  should have valid values,Completeness,field,Datetime,10,2104428,0,100,Y
CEMOD,BIGDATA,200008,US_BB_STREAMING_1,2000083,EVENT_START,1,CHECK_IF_ATTRIBUTE_HAS_VALUE,Attribute  should have valid values,Completeness,field,Datetime,10,2104428,0,100,Y
CEMOD,BIGDATA,200008,US_BB_STREAMING_1,2000083,EVENT_START,3,CHECK_IF_ATTRIBUTE_VALUE_ALIGNED,Attribute value should be aligned with specified string columns separated by comma -[event_stop],Consistency,field,Datetime,10,2104428,0,100,Y
CEMOD,BIGDATA,200008,US_BB_STREAMING_1,2000084,EVENT_STOP,1,CHECK_IF_ATTRIBUTE_HAS_VALUE,Attribute  should have valid values,Completeness,field,Datetime,10,2104428,0,100,Y
CEMOD,BIGDATA,200008,US_BB_STREAMING_1,2000084,EVENT_STOP,3,CHECK_IF_ATTRIBUTE_VALUE_ALIGNED,Attribute value should be aligned with specified string columns separated by comma -[event_start],Consistency,field,Datetime,10,2104428,0,100,Y
CEMOD,BIGDATA,200008,US_BB_STREAMING_1,2000085,TECHNOLOGY_ID,1,CHECK_IF_ATTRIBUTE_HAS_VALUE,Attribute  should have valid values,Completeness,field,Number,10,2104428,154588,93,Y
CEMOD,BIGDATA,200008,US_BB_STREAMING_1,20000810,CONTENT_TYPE,1,CHECK_IF_ATTRIBUTE_HAS_VALUE,Attribute  should have valid values,Completeness,field,String,10,2104428,0,100,Y
CEMOD,BIGDATA,200008,US_BB_STREAMING_1,20000811,APPLICATION_ID,1,CHECK_IF_ATTRIBUTE_HAS_VALUE,Attribute  should have valid values,Completeness,field,Number,10,2104428,0,100,Y
CEMOD,BIGDATA,200008,US_BB_STREAMING_1,20000812,APPLICATION_NAME,1,CHECK_IF_ATTRIBUTE_HAS_VALUE,Attribute  should have valid values,Completeness,field,String,10,2104428,0,100,Y
CEMOD,BIGDATA,200008,US_BB_STREAMING_1,20000813,CONTENT_PROVIDER,1,CHECK_IF_ATTRIBUTE_HAS_VALUE,Attribute  should have valid values,Completeness,field,String,10,2104428,1955564,7,N
CEMOD,BIGDATA,200008,US_BB_STREAMING_1,20000815,CDN,1,CHECK_IF_ATTRIBUTE_HAS_VALUE,Attribute  should have valid values,Completeness,field,String,10,2104428,577726,73,N
CEMOD,BIGDATA,200008,US_BB_STREAMING_1,20000820,DELTA_STALL_COUNT,1,CHECK_IF_ATTRIBUTE_HAS_VALUE,Attribute  should have valid values,Completeness,field,Number,10,2104428,1998336,5,N
CEMOD,BIGDATA,200008,US_BB_STREAMING_1,20000820,DELTA_STALL_COUNT,3,CHECK_IF_ATTRIBUTE_VALUE_ALIGNED,"Attribute value should be aligned with specified string columns separated by comma -[packets_dl,packets_ul,video_codec_bitrate,audio_codec_bitrate]",Consistency,field,Number,10,106092,13,100,Y
CEMOD,BIGDATA,200008,US_BB_STREAMING_1,20000821,DELTA_STALL_TIME,1,CHECK_IF_ATTRIBUTE_HAS_VALUE,Attribute  should have valid values,Completeness,field,Number,10,2104428,1955482,7,N
CEMOD,BIGDATA,200008,US_BB_STREAMING_1,20000821,DELTA_STALL_TIME,3,CHECK_IF_ATTRIBUTE_VALUE_ALIGNED,"Attribute value should be aligned with specified string columns separated by comma -[packets_dl,packets_ul,video_codec_bitrate,audio_codec_bitrate]",Consistency,field,Number,10,148946,1403,99,Y
CEMOD,BIGDATA,200008,US_BB_STREAMING_1,20000824,VISITS,1,CHECK_IF_ATTRIBUTE_HAS_VALUE,Attribute  should have valid values,Completeness,field,Number,10,2104428,0,100,Y
CEMOD,BIGDATA,200008,US_BB_STREAMING_1,20000824,VISITS,3,CHECK_IF_ATTRIBUTE_VALUE_ALIGNED,Attribute value should be aligned with specified string columns separated by comma -[application_id],Consistency,field,Number,10,2104428,0,100,Y
CEMOD,BIGDATA,200008,US_BB_STREAMING_1,20000825,TIME_TO_START,1,CHECK_IF_ATTRIBUTE_HAS_VALUE,Attribute  should have valid values,Completeness,field,Number,10,2104428,1955482,7,N
CEMOD,BIGDATA,200008,US_BB_STREAMING_1,20000825,TIME_TO_START,3,CHECK_IF_ATTRIBUTE_VALUE_ALIGNED,"Attribute value should be aligned with specified string columns separated by comma -[packets_dl,packets_ul]",Consistency,field,Number,10,148946,0,100,Y
CEMOD,BIGDATA,200008,US_BB_STREAMING_1,20000826,DATA_TRANSFER_TIME_DL,1,CHECK_IF_ATTRIBUTE_HAS_VALUE,Attribute  should have valid values,Completeness,field,Number,10,2104428,0,100,Y
CEMOD,BIGDATA,200008,US_BB_STREAMING_1,20000826,DATA_TRANSFER_TIME_DL,3,CHECK_IF_ATTRIBUTE_VALUE_ALIGNED,Attribute value should be aligned with specified string columns separated by comma -[bytes_dl],Consistency,field,Number,10,2104428,0,100,Y
CEMOD,BIGDATA,200008,US_BB_STREAMING_1,20000827,DATA_TRANSFER_TIME_UL,1,CHECK_IF_ATTRIBUTE_HAS_VALUE,Attribute  should have valid values,Completeness,field,Number,10,2104428,0,100,Y
CEMOD,BIGDATA,200008,US_BB_STREAMING_1,20000827,DATA_TRANSFER_TIME_UL,3,CHECK_IF_ATTRIBUTE_VALUE_ALIGNED,Attribute value should be aligned with specified string columns separated by comma -[bytes_ul],Consistency,field,Number,10,2104428,0,100,Y
CEMOD,BIGDATA,200008,US_BB_STREAMING_1,20000828,TIME_DURATION,1,CHECK_IF_ATTRIBUTE_HAS_VALUE,Attribute  should have valid values,Completeness,field,Number,10,2104428,1994051,5,N
CEMOD,BIGDATA,200008,US_BB_STREAMING_1,20000828,TIME_DURATION,3,CHECK_IF_ATTRIBUTE_VALUE_ALIGNED,"Attribute value should be aligned with specified string columns separated by comma -[packets_dl,packets_ul]",Consistency,field,Number,10,110377,0,100,Y
CEMOD,BIGDATA,200008,US_BB_STREAMING_1,20000829,PACKETS_DL,1,CHECK_IF_ATTRIBUTE_HAS_VALUE,Attribute  should have valid values,Completeness,field,Number,10,2104428,556308,74,N
CEMOD,BIGDATA,200008,US_BB_STREAMING_1,20000829,PACKETS_DL,3,CHECK_IF_ATTRIBUTE_VALUE_ALIGNED,Attribute value should be aligned with specified string columns separated by comma -[bytes_dl],Consistency,field,Number,10,1548120,0,100,Y
CEMOD,BIGDATA,200008,US_BB_STREAMING_1,20000830,PACKETS_UL,1,CHECK_IF_ATTRIBUTE_HAS_VALUE,Attribute  should have valid values,Completeness,field,Number,10,2104428,556308,74,N
CEMOD,BIGDATA,200008,US_BB_STREAMING_1,20000830,PACKETS_UL,3,CHECK_IF_ATTRIBUTE_VALUE_ALIGNED,Attribute value should be aligned with specified string columns separated by comma -[bytes_ul],Consistency,field,Number,10,1548120,0,100,Y
CEMOD,BIGDATA,200008,US_BB_STREAMING_1,20000831,LOST_PACKETS,1,CHECK_IF_ATTRIBUTE_HAS_VALUE,Attribute  should have valid values,Completeness,field,Number,10,2104428,0,100,Y
CEMOD,BIGDATA,200008,US_BB_STREAMING_1,20000832,RETRANSMITTED_PACKETS_DL,1,CHECK_IF_ATTRIBUTE_HAS_VALUE,Attribute  should have valid values,Completeness,field,Number,10,2104428,556344,74,N
CEMOD,BIGDATA,200008,US_BB_STREAMING_1,20000832,RETRANSMITTED_PACKETS_DL,3,CHECK_IF_ATTRIBUTE_VALUE_ALIGNED,Attribute value should be aligned with specified string columns separated by comma -[packets_dl],Consistency,field,Number,10,1548084,0,100,Y
CEMOD,BIGDATA,200008,US_BB_STREAMING_1,20000833,RETRANSMITTED_PACKETS_UL,1,CHECK_IF_ATTRIBUTE_HAS_VALUE,Attribute  should have valid values,Completeness,field,Number,10,2104428,556344,74,N
CEMOD,BIGDATA,200008,US_BB_STREAMING_1,20000833,RETRANSMITTED_PACKETS_UL,3,CHECK_IF_ATTRIBUTE_VALUE_ALIGNED,Attribute value should be aligned with specified string columns separated by comma -[packets_ul],Consistency,field,Number,10,1548084,0,100,Y
CEMOD,BIGDATA,200008,US_BB_STREAMING_1,20000834,BYTES_DL,1,CHECK_IF_ATTRIBUTE_HAS_VALUE,Attribute  should have valid values,Completeness,field,Number,10,2104428,0,100,Y
CEMOD,BIGDATA,200008,US_BB_STREAMING_1,20000834,BYTES_DL,19,CHECK_IF_DOWNSTR_COUNTS_GREATER_THAN_OR_EQUAL_TO_ZERO,Downstream values should be greater than or equal to zero -[-1],Range,field,Number,10,2104428,0,100,Y
CEMOD,BIGDATA,200008,US_BB_STREAMING_1,20000835,BYTES_UL,1,CHECK_IF_ATTRIBUTE_HAS_VALUE,Attribute  should have valid values,Completeness,field,Number,10,2104428,0,100,Y
CEMOD,BIGDATA,200008,US_BB_STREAMING_1,20000835,BYTES_UL,18,CHECK_IF_UPSTR_COUNTS_GREATER_THAN_OR_EQUAL_TO_ZERO,Upstream values should be greater than or equal to zero -[-1],Range,field,Number,10,2104428,0,100,Y
CEMOD,BIGDATA,200008,US_BB_STREAMING_1,20000836,PACKET_JITTER_DL,1,CHECK_IF_ATTRIBUTE_HAS_VALUE,Attribute  should have valid values,Completeness,field,Number,10,2104428,0,100,Y
CEMOD,BIGDATA,200008,US_BB_STREAMING_1,20000837,PACKET_JITTER_UL,1,CHECK_IF_ATTRIBUTE_HAS_VALUE,Attribute  should have valid values,Completeness,field,Number,10,2104428,0,100,Y
CEMOD,BIGDATA,200008,US_BB_STREAMING_1,20000842,EQUIP_ID_SEQ,1,CHECK_IF_ATTRIBUTE_HAS_VALUE,Attribute  should have valid values,Completeness,field,Number,10,2104428,0,100,Y
CEMOD,BIGDATA,200008,US_BB_STREAMING_1,20000848,CITY_ID,1,CHECK_IF_ATTRIBUTE_HAS_VALUE,Attribute  should have valid values,Completeness,field,Number,10,2104428,96520,95,Y
CEMOD,BIGDATA,200008,US_BB_STREAMING_1,20000850,AREA_ID,1,CHECK_IF_ATTRIBUTE_HAS_VALUE,Attribute  should have valid values,Completeness,field,Number,10,2104428,96520,95,Y
CEMOD,BIGDATA,200008,US_BB_STREAMING_1,20000852,ACCESS_NODE_ID,1,CHECK_IF_ATTRIBUTE_HAS_VALUE,Attribute  should have valid values,Completeness,field,String,10,2104428,96520,95,Y
CEMOD,BIGDATA,200008,US_BB_STREAMING_1,20000854,ACCESS_NODE_LATITUDE,1,CHECK_IF_ATTRIBUTE_HAS_VALUE,Attribute  should have valid values,Completeness,field,Decimal,10,202248,19,100,Y
CEMOD,BIGDATA,200008,US_BB_STREAMING_1,20000855,ACCESS_NODE_LONGITUDE,1,CHECK_IF_ATTRIBUTE_HAS_VALUE,Attribute  should have valid values,Completeness,field,Decimal,10,202248,19,100,Y
CEMOD,BIGDATA,200008,US_BB_STREAMING_1,20000856,HUB_ID,1,CHECK_IF_ATTRIBUTE_HAS_VALUE,Attribute  should have valid values,Completeness,field,Number,10,2104428,96520,95,Y
CEMOD,BIGDATA,200008,US_BB_STREAMING_1,20000858,HUB_LATITUDE,1,CHECK_IF_ATTRIBUTE_HAS_VALUE,Attribute  should have valid values,Completeness,field,Decimal,10,2007908,6,100,Y
CEMOD,BIGDATA,200008,US_BB_STREAMING_1,20000859,HUB_LONGITUDE,1,CHECK_IF_ATTRIBUTE_HAS_VALUE,Attribute  should have valid values,Completeness,field,Decimal,10,2007908,6,100,Y
CEMOD,BIGDATA,200008,US_BB_STREAMING_1,20000860,EXCHANGE_ID,1,CHECK_IF_ATTRIBUTE_HAS_VALUE,Attribute  should have valid values,Completeness,field,Number,10,2104428,96520,95,Y
CEMOD,BIGDATA,200008,US_BB_STREAMING_1,20000863,EXCHANGE_LONGITUDE,1,CHECK_IF_ATTRIBUTE_HAS_VALUE,Attribute  should have valid values,Completeness,field,Decimal,10,2104428,96520,95,Y
CEMOD,BIGDATA,200008,US_BB_STREAMING_1,20000864,EQUIP_MODEL,1,CHECK_IF_ATTRIBUTE_HAS_VALUE,Attribute  should have valid values,Completeness,field,String,10,2104428,205147,90,Y
CEMOD,BIGDATA,200008,US_BB_STREAMING_1,20000871,CUSTOMER_SEGMENTATION,1,CHECK_IF_ATTRIBUTE_HAS_VALUE,Attribute  should have valid values,Completeness,field,String,10,2104428,70273,97,Y
CEMOD,BIGDATA,200008,US_BB_STREAMING_1,20000871,CUSTOMER_SEGMENTATION,11,CHECK_IF_CUSTOMER_SEGMENT_HAS_VALID_PREFIX,Customer segment values should starts with B2B and B2C -[^(B2B|B2C)],Conformity,field,String,10,2034155,0,100,Y
CEMOD,BIGDATA,200008,US_BB_STREAMING_1,20000872,CUSTOMER_SUBCATEGORY,1,CHECK_IF_ATTRIBUTE_HAS_VALUE,Attribute  should have valid values,Completeness,field,String,10,2104428,70273,97,Y
CEMOD,BIGDATA,200008,US_BB_STREAMING_1,20000872,CUSTOMER_SUBCATEGORY,10,CHECK_IF_CUSTOMER_SUB_CATEGORY_HAS_VALID_PREFIX,Customer subcategory values should starts with B2B and B2C -[^(B2B|B2C)],Conformity,field,String,10,2034155,0,100,Y
CEMOD,BIGDATA,200008,US_BB_STREAMING_1,20000874,PARENT_GROUP_NAME,1,CHECK_IF_ATTRIBUTE_HAS_VALUE,Attribute  should have valid values,Completeness,field,String,10,2104428,70273,97,Y
CEMOD,BIGDATA,200008,US_BB_STREAMING_1,20000875,ASSOCIATION_NAME,1,CHECK_IF_ATTRIBUTE_HAS_VALUE,Attribute  should have valid values,Completeness,field,String,10,2104428,2103255,0,N
CEMOD,BIGDATA,200008,US_BB_STREAMING_1,20000887,STAGE_TYPE,1,CHECK_IF_ATTRIBUTE_HAS_VALUE,Attribute  should have valid values,Completeness,field,String,10,2104428,154588,93,Y
CEMOD,BIGDATA,200008,US_BB_STREAMING_1,20000887,STAGE_TYPE,45,CHECK_IF_STAGE_TYPE_HAS_VALID_VALUES,Stage type field should have specified values like 'STR_FIBER and STR_COPPER' -[^(STR_FIBER|STR_COPPER)$],Range,field,String,10,2104428,154588,93,Y
CEMOD,BIGDATA,200008,US_BB_STREAMING_1,20000890,RTT_CLIENT,1,CHECK_IF_ATTRIBUTE_HAS_VALUE,Attribute  should have valid values,Completeness,field,Number,10,2104428,0,100,Y
CEMOD,BIGDATA,200008,US_BB_STREAMING_1,20000890,RTT_CLIENT,3,CHECK_IF_ATTRIBUTE_VALUE_ALIGNED,Attribute value should be aligned with specified string columns separated by comma -[rtt_client_c],Consistency,field,Number,10,2104428,0,100,Y
CEMOD,BIGDATA,200008,US_BB_STREAMING_1,20000891,RTT_SERVER,1,CHECK_IF_ATTRIBUTE_HAS_VALUE,Attribute  should have valid values,Completeness,field,Number,10,2104428,0,100,Y
CEMOD,BIGDATA,200008,US_BB_STREAMING_1,20000891,RTT_SERVER,3,CHECK_IF_ATTRIBUTE_VALUE_ALIGNED,Attribute value should be aligned with specified string columns separated by comma -[rtt_server_c],Consistency,field,Number,10,2104428,0,100,Y
CEMOD,BIGDATA,200008,US_BB_STREAMING_1,20000892,TCP_CONNECT_SUCCESS,1,CHECK_IF_ATTRIBUTE_HAS_VALUE,Attribute  should have valid values,Completeness,field,Number,10,2104428,0,100,Y
CEMOD,BIGDATA,200008,US_BB_STREAMING_1,20000893,TCP_CONNECT_ATTEMPTS,1,CHECK_IF_ATTRIBUTE_HAS_VALUE,Attribute  should have valid values,Completeness,field,Number,10,2104428,556308,74,N
CEMOD,BIGDATA,200008,US_BB_STREAMING_1,20000893,TCP_CONNECT_ATTEMPTS,3,CHECK_IF_ATTRIBUTE_VALUE_ALIGNED,"Attribute value should be aligned with specified string columns separated by comma -[rtt_client_c,rtt_server_c,rtt_client,rtt_server,packets_dl,packets_ul]",Consistency,field,Number,10,1548120,0,100,Y
CEMOD,BIGDATA,200008,US_BB_STREAMING_1,20000894,INITIAL_HTTP_REPLY_DATA_MSG,1,CHECK_IF_ATTRIBUTE_HAS_VALUE,Attribute  should have valid values,Completeness,field,Number,10,2104428,1955482,7,N
CEMOD,BIGDATA,200008,US_BB_STREAMING_1,20000894,INITIAL_HTTP_REPLY_DATA_MSG,3,CHECK_IF_ATTRIBUTE_VALUE_ALIGNED,"Attribute value should be aligned with specified string columns separated by comma -[application_id,packets_dl,packets_ul]",Consistency,field,Number,10,148946,0,100,Y
CEMOD,BIGDATA,200008,US_BB_STREAMING_1,20000895,INITIAL_HTTP_GET_MSG,1,CHECK_IF_ATTRIBUTE_HAS_VALUE,Attribute  should have valid values,Completeness,field,Number,10,2104428,1955482,7,N
CEMOD,BIGDATA,200008,US_BB_STREAMING_1,20000895,INITIAL_HTTP_GET_MSG,3,CHECK_IF_ATTRIBUTE_VALUE_ALIGNED,"Attribute value should be aligned with specified string columns separated by comma -[application_id,packets_dl,packets_ul]",Consistency,field,Number,10,148946,0,100,Y
CEMOD,BIGDATA,200008,US_BB_STREAMING_1,20000896,STREAMING_RESPONSE_TIME,1,CHECK_IF_ATTRIBUTE_HAS_VALUE,Attribute  should have valid values,Completeness,field,Number,10,2104428,1955482,7,N
CEMOD,BIGDATA,200008,US_BB_STREAMING_1,20000896,STREAMING_RESPONSE_TIME,3,CHECK_IF_ATTRIBUTE_VALUE_ALIGNED,Attribute value should be aligned with specified string columns separated by comma -[streaming_response_time_c],Consistency,field,Number,10,148946,0,100,Y
CEMOD,BIGDATA,200008,US_BB_STREAMING_1,20000897,DEVICE_EQUIP_ID,1,CHECK_IF_ATTRIBUTE_HAS_VALUE,Attribute  should have valid values,Completeness,field,String,10,2104428,96520,95,Y
CEMOD,BIGDATA,200008,US_BB_STREAMING_1,20000898,DEVICE_SOFTWAREVERSION,1,CHECK_IF_ATTRIBUTE_HAS_VALUE,Attribute  should have valid values,Completeness,field,String,10,2104428,96520,95,Y
CEMOD,BIGDATA,200008,US_BB_STREAMING_1,20000899,LOST_PACKETS_UL,1,CHECK_IF_ATTRIBUTE_HAS_VALUE,Attribute  should have valid values,Completeness,field,Number,10,2104428,0,100,Y
CEMOD,BIGDATA,200008,US_BB_STREAMING_1,20000899,LOST_PACKETS_UL,18,CHECK_IF_UPSTR_COUNTS_GREATER_THAN_OR_EQUAL_TO_ZERO,Upstream values should be greater than or equal to zero -[-1],Range,field,Number,10,2104428,0,100,Y
CEMOD,BIGDATA,200008,US_BB_STREAMING_1,20000899,LOST_PACKETS_UL,3,CHECK_IF_ATTRIBUTE_VALUE_ALIGNED,Attribute value should be aligned with specified string columns separated by comma -[packets_ul],Consistency,field,Number,10,300795,0,100,Y
CEMOD,BIGDATA,200008,US_BB_STREAMING_1,200008100,LOST_PACKETS_DL,1,CHECK_IF_ATTRIBUTE_HAS_VALUE,Attribute  should have valid values,Completeness,field,Number,10,2104428,0,100,Y
CEMOD,BIGDATA,200008,US_BB_STREAMING_1,200008100,LOST_PACKETS_DL,19,CHECK_IF_DOWNSTR_COUNTS_GREATER_THAN_OR_EQUAL_TO_ZERO,Downstream values should be greater than or equal to zero -[-1],Range,field,Number,10,2104428,0,100,Y
CEMOD,BIGDATA,200008,US_BB_STREAMING_1,200008100,LOST_PACKETS_DL,3,CHECK_IF_ATTRIBUTE_VALUE_ALIGNED,Attribute value should be aligned with specified string columns separated by comma -[packets_dl],Consistency,field,Number,10,444219,0,100,Y
CEMOD,BIGDATA,200008,US_BB_STREAMING_1,200008101,HTTP_METHOD_COUNT,1,CHECK_IF_ATTRIBUTE_HAS_VALUE,Attribute  should have valid values,Completeness,field,Number,10,2104428,1955482,7,N
CEMOD,BIGDATA,200008,US_BB_STREAMING_1,200008103,HTTP_CAUSE_CODE_COUNT,1,CHECK_IF_ATTRIBUTE_HAS_VALUE,Attribute  should have valid values,Completeness,field,Number,10,2104428,1996975,5,N
CEMOD,BIGDATA,200008,US_BB_STREAMING_1,200008104,CAUSE_DESCRIPTION,1,CHECK_IF_ATTRIBUTE_HAS_VALUE,Attribute  should have valid values,Completeness,field,String,10,2104428,2098924,0,N
CEMOD,BIGDATA,200008,US_BB_STREAMING_1,200008104,CAUSE_DESCRIPTION,3,CHECK_IF_ATTRIBUTE_VALUE_ALIGNED,"Attribute value should be aligned with specified string columns separated by comma -[http_cause_code,application_protocol]",Consistency,field,String,10,632,0,100,Y
CEMOD,BIGDATA,200008,US_BB_STREAMING_1,200008105,CAUSE_CODE_GROUP,1,CHECK_IF_ATTRIBUTE_HAS_VALUE,Attribute  should have valid values,Completeness,field,Number,10,2104428,2098924,0,N
CEMOD,BIGDATA,200008,US_BB_STREAMING_1,200008105,CAUSE_CODE_GROUP,3,CHECK_IF_ATTRIBUTE_VALUE_ALIGNED,"Attribute value should be aligned with specified string columns separated by comma -[http_cause_code,application_protocol]",Consistency,field,Number,10,562,0,100,Y
CEMOD,BIGDATA,200008,US_BB_STREAMING_1,200008106,CATEGORY_ID,1,CHECK_IF_ATTRIBUTE_HAS_VALUE,Attribute  should have valid values,Completeness,field,Number,10,2104428,2098924,0,N
CEMOD,BIGDATA,200008,US_BB_STREAMING_1,200008106,CATEGORY_ID,3,CHECK_IF_ATTRIBUTE_VALUE_ALIGNED,"Attribute value should be aligned with specified string columns separated by comma -[http_cause_code,application_protocol]",Consistency,field,Number,10,632,0,100,Y
CEMOD,BIGDATA,200008,US_BB_STREAMING_1,200008107,APPLICATION_PROTOCOL,1,CHECK_IF_ATTRIBUTE_HAS_VALUE,Attribute  should have valid values,Completeness,field,Number,10,2104428,0,100,Y
CEMOD,BIGDATA,200008,US_BB_STREAMING_1,200008108,DELTA_STALL_TIME_C,1,CHECK_IF_ATTRIBUTE_HAS_VALUE,Attribute  should have valid values,Completeness,field,Number,10,2104428,1955482,7,N
CEMOD,BIGDATA,200008,US_BB_STREAMING_1,200008108,DELTA_STALL_TIME_C,3,CHECK_IF_ATTRIBUTE_VALUE_ALIGNED,Attribute value should be aligned with specified string columns separated by comma -[delta_stall_time],Consistency,field,Number,10,148946,0,100,Y
CEMOD,BIGDATA,200008,US_BB_STREAMING_1,200008109,TIME_TO_START_C,1,CHECK_IF_ATTRIBUTE_HAS_VALUE,Attribute  should have valid values,Completeness,field,Number,10,2104428,1955482,7,N
CEMOD,BIGDATA,200008,US_BB_STREAMING_1,200008109,TIME_TO_START_C,3,CHECK_IF_ATTRIBUTE_VALUE_ALIGNED,Attribute value should be aligned with specified string columns separated by comma -[time_to_start],Consistency,field,Number,10,148946,0,100,Y
CEMOD,BIGDATA,200008,US_BB_STREAMING_1,200008110,RTT_CLIENT_C,1,CHECK_IF_ATTRIBUTE_HAS_VALUE,Attribute  should have valid values,Completeness,field,Number,10,2104428,0,100,Y
CEMOD,BIGDATA,200008,US_BB_STREAMING_1,200008110,RTT_CLIENT_C,3,CHECK_IF_ATTRIBUTE_VALUE_ALIGNED,Attribute value should be aligned with specified string columns separated by comma -[rtt_client],Consistency,field,Number,10,2104428,0,100,Y
CEMOD,BIGDATA,200008,US_BB_STREAMING_1,200008111,RTT_SERVER_C,1,CHECK_IF_ATTRIBUTE_HAS_VALUE,Attribute  should have valid values,Completeness,field,Number,10,2104428,0,100,Y
CEMOD,BIGDATA,200008,US_BB_STREAMING_1,200008111,RTT_SERVER_C,3,CHECK_IF_ATTRIBUTE_VALUE_ALIGNED,Attribute value should be aligned with specified string columns separated by comma -[rtt_server],Consistency,field,Number,10,2104428,0,100,Y
CEMOD,BIGDATA,200008,US_BB_STREAMING_1,200008112,PACKET_JITTER_DL_C,1,CHECK_IF_ATTRIBUTE_HAS_VALUE,Attribute  should have valid values,Completeness,field,Number,10,2104428,0,100,Y
CEMOD,BIGDATA,200008,US_BB_STREAMING_1,200008112,PACKET_JITTER_DL_C,3,CHECK_IF_ATTRIBUTE_VALUE_ALIGNED,Attribute value should be aligned with specified string columns separated by comma -[packet_jitter_dl],Consistency,field,Number,10,2104428,0,100,Y
CEMOD,BIGDATA,200008,US_BB_STREAMING_1,200008113,PACKET_JITTER_UL_C,1,CHECK_IF_ATTRIBUTE_HAS_VALUE,Attribute  should have valid values,Completeness,field,Number,10,2104428,0,100,Y
CEMOD,BIGDATA,200008,US_BB_STREAMING_1,200008113,PACKET_JITTER_UL_C,3,CHECK_IF_ATTRIBUTE_VALUE_ALIGNED,Attribute value should be aligned with specified string columns separated by comma -[packet_jitter_ul],Consistency,field,Number,10,2104428,0,100,Y
CEMOD,BIGDATA,200008,US_BB_STREAMING_1,200008114,STREAMING_RESPONSE_TIME_C,1,CHECK_IF_ATTRIBUTE_HAS_VALUE,Attribute  should have valid values,Completeness,field,Number,10,2104428,1955482,7,N
CEMOD,BIGDATA,200008,US_BB_STREAMING_1,200008114,STREAMING_RESPONSE_TIME_C,3,CHECK_IF_ATTRIBUTE_VALUE_ALIGNED,Attribute value should be aligned with specified string columns separated by comma -[streaming_response_time],Consistency,field,Number,10,148946,0,100,Y
CEMOD,BIGDATA,200008,US_BB_STREAMING_1,200008115,EVENT_START_DL,1,CHECK_IF_ATTRIBUTE_HAS_VALUE,Attribute  should have valid values,Completeness,field,Datetime,10,2104428,0,100,Y
CEMOD,BIGDATA,200008,US_BB_STREAMING_1,200008115,EVENT_START_DL,3,CHECK_IF_ATTRIBUTE_VALUE_ALIGNED,"Attribute value should be aligned with specified string columns separated by comma -[event_start,data_transfer_time_dl]",Consistency,field,Datetime,10,2104428,0,100,Y
CEMOD,BIGDATA,200008,US_BB_STREAMING_1,200008116,EVENT_STOP_DL,1,CHECK_IF_ATTRIBUTE_HAS_VALUE,Attribute  should have valid values,Completeness,field,Datetime,10,2104428,0,100,Y
CEMOD,BIGDATA,200008,US_BB_STREAMING_1,200008116,EVENT_STOP_DL,3,CHECK_IF_ATTRIBUTE_VALUE_ALIGNED,"Attribute value should be aligned with specified string columns separated by comma -[event_start,data_transfer_time_dl]",Consistency,field,Datetime,10,2104428,0,100,Y
CEMOD,BIGDATA,200008,US_BB_STREAMING_1,200008117,EVENT_START_UL,1,CHECK_IF_ATTRIBUTE_HAS_VALUE,Attribute  should have valid values,Completeness,field,Datetime,10,2104428,0,100,Y
CEMOD,BIGDATA,200008,US_BB_STREAMING_1,200008117,EVENT_START_UL,3,CHECK_IF_ATTRIBUTE_VALUE_ALIGNED,Attribute value should be aligned with specified string columns separated by comma -[event_start],Consistency,field,Datetime,10,2104428,0,100,Y
CEMOD,BIGDATA,200008,US_BB_STREAMING_1,200008118,EVENT_STOP_UL,1,CHECK_IF_ATTRIBUTE_HAS_VALUE,Attribute  should have valid values,Completeness,field,Datetime,10,2104428,0,100,Y
CEMOD,BIGDATA,200008,US_BB_STREAMING_1,200008118,EVENT_STOP_UL,3,CHECK_IF_ATTRIBUTE_VALUE_ALIGNED,"Attribute value should be aligned with specified string columns separated by comma -[event_start,data_transfer_time_ul]",Consistency,field,Datetime,10,2104428,0,100,Y
CEMOD,BIGDATA,201671,PS_BB_STR_SEGG_1_HOUR,2016711,EQUIP_ID,1,CHECK_IF_ATTRIBUTE_HAS_VALUE,Attribute  should have valid values,Completeness,field,String,10,792183,0,100,Y
CEMOD,BIGDATA,201671,PS_BB_STR_SEGG_1_HOUR,2016711,EQUIP_ID,12,CHECK_FOR_EQUIP_ID_PATTERN,Equip_id should have defined pattern '^1[1-4|6|7][0-9]{7}$' -[^1[1-4|6|7][0-9]{7}$],Conformity,field,String,10,792183,0,100,Y
CEMOD,BIGDATA,201671,PS_BB_STR_SEGG_1_HOUR,2016713,SUBSCRIBER_ID,1,CHECK_IF_ATTRIBUTE_HAS_VALUE,Attribute  should have valid values,Completeness,field,String,10,792183,31414,96,Y
CEMOD,BIGDATA,201671,PS_BB_STR_SEGG_1_HOUR,2016713,SUBSCRIBER_ID,9,CHECK_FOR_SUBSCRIBER_ID_PATTERN,Subscriber_id should have defined pattern '^1[1-4|6|7][0-9]{7}$' -[^1[1-4|6|7][0-9]{7}$],Conformity,field,String,10,760769,0,100,Y
CEMOD,BIGDATA,201671,PS_BB_STR_SEGG_1_HOUR,2016713,SUBSCRIBER_ID,3,CHECK_IF_ATTRIBUTE_VALUE_ALIGNED,"Attribute value should be aligned with specified string columns separated by comma -[subs_type,customer_segmentation,customer_subcategory]",Consistency,field,String,10,760769,2026,100,Y
CEMOD,BIGDATA,201671,PS_BB_STR_SEGG_1_HOUR,2016714,EQUIP_LATITUDE,1,CHECK_IF_ATTRIBUTE_HAS_VALUE,Attribute  should have valid values,Completeness,field,decimal,10,792183,32536,96,Y
CEMOD,BIGDATA,201671,PS_BB_STR_SEGG_1_HOUR,2016714,EQUIP_LATITUDE,3,CHECK_IF_ATTRIBUTE_VALUE_ALIGNED,Attribute value should be aligned with specified string columns separated by comma -[equip_longitude],Consistency,field,decimal,10,759647,0,100,Y
CEMOD,BIGDATA,201671,PS_BB_STR_SEGG_1_HOUR,2016715,EQUIP_LONGITUDE,1,CHECK_IF_ATTRIBUTE_HAS_VALUE,Attribute  should have valid values,Completeness,field,decimal,10,792183,32536,96,Y
CEMOD,BIGDATA,201671,PS_BB_STR_SEGG_1_HOUR,2016715,EQUIP_LONGITUDE,3,CHECK_IF_ATTRIBUTE_VALUE_ALIGNED,Attribute value should be aligned with specified string columns separated by comma -[equip_latitude],Consistency,field,decimal,10,759647,0,100,Y
CEMOD,BIGDATA,201671,PS_BB_STR_SEGG_1_HOUR,20167115,REGION,1,CHECK_IF_ATTRIBUTE_HAS_VALUE,Attribute  should have valid values,Completeness,field,String,10,792183,45929,94,Y
CEMOD,BIGDATA,201671,PS_BB_STR_SEGG_1_HOUR,20167115,REGION,3,CHECK_IF_ATTRIBUTE_VALUE_ALIGNED,"Attribute value should be aligned with specified string columns separated by comma -[city_id,city,area_id,area]",Consistency,field,String,10,746254,0,100,Y
CEMOD,BIGDATA,201671,PS_BB_STR_SEGG_1_HOUR,20167117,CITY,1,CHECK_IF_ATTRIBUTE_HAS_VALUE,Attribute  should have valid values,Completeness,field,String,10,792183,45929,94,Y
CEMOD,BIGDATA,201671,PS_BB_STR_SEGG_1_HOUR,20167117,CITY,3,CHECK_IF_ATTRIBUTE_VALUE_ALIGNED,"Attribute value should be aligned with specified string columns separated by comma -[city_id,area_id,area]",Consistency,field,String,10,746254,0,100,Y
CEMOD,BIGDATA,201671,PS_BB_STR_SEGG_1_HOUR,20167119,AREA,1,CHECK_IF_ATTRIBUTE_HAS_VALUE,Attribute  should have valid values,Completeness,field,String,10,792183,45929,94,Y
CEMOD,BIGDATA,201671,PS_BB_STR_SEGG_1_HOUR,20167119,AREA,3,CHECK_IF_ATTRIBUTE_VALUE_ALIGNED,Attribute value should be aligned with specified string columns separated by comma -[area_id],Consistency,field,String,10,746254,0,100,Y
CEMOD,BIGDATA,201671,PS_BB_STR_SEGG_1_HOUR,20167121,ACCESS_NODE_NAME,1,CHECK_IF_ATTRIBUTE_HAS_VALUE,Attribute  should have valid values,Completeness,field,String,10,73390,0,100,Y
CEMOD,BIGDATA,201671,PS_BB_STR_SEGG_1_HOUR,20167121,ACCESS_NODE_NAME,3,CHECK_IF_ATTRIBUTE_VALUE_ALIGNED,"Attribute value should be aligned with specified string columns separated by comma -[access_node_id,access_node_latitude,access_node_longitude]",Consistency,field,String,10,73734,0,100,Y
CEMOD,BIGDATA,201671,PS_BB_STR_SEGG_1_HOUR,20167125,HUB_NAME,3,CHECK_IF_ATTRIBUTE_VALUE_ALIGNED,"Attribute value should be aligned with specified string columns separated by comma -[hub_id,hub_latitude,hub_longitude]",Consistency,field,String,10,746254,5,100,Y
CEMOD,BIGDATA,201671,PS_BB_STR_SEGG_1_HOUR,20167129,EXCHANGE_NAME,1,CHECK_IF_ATTRIBUTE_HAS_VALUE,Attribute  should have valid values,Completeness,field,String,10,792183,45929,94,Y
CEMOD,BIGDATA,201671,PS_BB_STR_SEGG_1_HOUR,20167129,EXCHANGE_NAME,3,CHECK_IF_ATTRIBUTE_VALUE_ALIGNED,"Attribute value should be aligned with specified string columns separated by comma -[exchange_latitude,exchange_longitude,exchange_id]",Consistency,field,String,10,746254,0,100,Y
CEMOD,BIGDATA,201671,PS_BB_STR_SEGG_1_HOUR,20167130,EXCHANGE_LATITUDE,1,CHECK_IF_ATTRIBUTE_HAS_VALUE,Attribute  should have valid values,Completeness,field,decimal,10,792183,45929,94,Y
CEMOD,BIGDATA,201671,PS_BB_STR_SEGG_1_HOUR,20167130,EXCHANGE_LATITUDE,3,CHECK_IF_ATTRIBUTE_VALUE_ALIGNED,Attribute value should be aligned with specified string columns separated by comma -[exchange_longitude],Consistency,field,decimal,10,746254,0,100,Y
CEMOD,BIGDATA,201671,PS_BB_STR_SEGG_1_HOUR,20167133,EQUIP_VENDOR,1,CHECK_IF_ATTRIBUTE_HAS_VALUE,Attribute  should have valid values,Completeness,field,String,10,792183,126489,84,N
CEMOD,BIGDATA,201671,PS_BB_STR_SEGG_1_HOUR,20167133,EQUIP_VENDOR,3,CHECK_IF_ATTRIBUTE_VALUE_ALIGNED,Attribute value should be aligned with specified string columns separated by comma -[EQUIP_MODEL],Consistency,field,String,10,665694,0,100,Y
CEMOD,BIGDATA,201671,PS_BB_STR_SEGG_1_HOUR,20167134,DEVICE_CAPABILITY,1,CHECK_IF_ATTRIBUTE_HAS_VALUE,Attribute  should have valid values,Completeness,field,String,10,792183,119851,85,N
CEMOD,BIGDATA,201671,PS_BB_STR_SEGG_1_HOUR,20167134,DEVICE_CAPABILITY,13,CHECK_IF_DEVICE_CAPABILITY_HAS_VALID_VALUES,"Device capability field should have specified values like 'FIBER, 2.4GHZ,COPPER,DUAL BAND and NA' -[^(FIBER|2.4GHZ|COPPER|DUAL BAND|NA)$]",Range,field,String,10,672332,0,100,Y
CEMOD,BIGDATA,201671,PS_BB_STR_SEGG_1_HOUR,20167134,DEVICE_CAPABILITY,3,CHECK_IF_ATTRIBUTE_VALUE_ALIGNED,Attribute value should be aligned with specified string columns separated by comma -[EQUIP_MODEL],Consistency,field,String,10,672332,0,100,Y
CEMOD,BIGDATA,201671,PS_BB_STR_SEGG_1_HOUR,20167135,SUBS_TYPE,1,CHECK_IF_ATTRIBUTE_HAS_VALUE,Attribute  should have valid values,Completeness,field,String,10,792183,33440,96,Y
CEMOD,BIGDATA,201671,PS_BB_STR_SEGG_1_HOUR,20167135,SUBS_TYPE,14,CHECK_IF_BUSINESS_UNITS_HAS_VALID_VALUES,Business Units should have specified values 'EBU and CBU' -[^(EBU|CBU)$],Range,field,String,10,758743,0,100,Y
CEMOD,BIGDATA,201671,PS_BB_STR_SEGG_1_HOUR,20167135,SUBS_TYPE,3,CHECK_IF_ATTRIBUTE_VALUE_ALIGNED,"Attribute value should be aligned with specified string columns separated by comma -[customer_subcategory,customer_segmentation]",Consistency,field,String,10,758743,0,100,Y
CEMOD,BIGDATA,201671,PS_BB_STR_SEGG_1_HOUR,201671155,SUB_TECHNOLOGY_ID,1,CHECK_IF_ATTRIBUTE_HAS_VALUE,Attribute  should have valid values,Completeness,field,bigint,10,792183,164939,79,N
CEMOD,BIGDATA,201671,PS_BB_STR_SEGG_1_HOUR,201671155,SUB_TECHNOLOGY_ID,3,CHECK_IF_ATTRIBUTE_VALUE_ALIGNED,Attribute value should be aligned with specified string columns separated by comma -[sub_technology],Consistency,field,bigint,10,627244,0,100,Y
CEMOD,BIGDATA,201671,PS_BB_STR_SEGG_1_HOUR,201671156,SUB_TECHNOLOGY,1,CHECK_IF_ATTRIBUTE_HAS_VALUE,Attribute  should have valid values,Completeness,field,String,10,792183,164939,79,N
CEMOD,BIGDATA,201671,PS_BB_STR_SEGG_1_HOUR,201671156,SUB_TECHNOLOGY,25,CHECK_IF_SUB_TECHNOLOGY_HAS_VALID_VALUES,"Sub technology field should have specified values like ADSL,FTTD,VDSL and FTTX -[^(ADSL|FTTD|VDSL|FTTX)$]",Range,field,String,10,627244,601476,4,N
CEMOD,BIGDATA,201671,PS_BB_STR_SEGG_1_HOUR,201671156,SUB_TECHNOLOGY,3,CHECK_IF_ATTRIBUTE_VALUE_ALIGNED,Attribute value should be aligned with specified string columns separated by comma -[sub_technology_id],Consistency,field,String,10,627244,0,100,Y
CEMOD,BIGDATA,201169,PS_FLSET_SEGG_1_HOUR,2011692,EXCHANGE_LATITUDE,1,CHECK_IF_ATTRIBUTE_HAS_VALUE,Attribute  should have valid values,Completeness,field,decimal,10,1408335,46428,97,Y
CEMOD,BIGDATA,201169,PS_FLSET_SEGG_1_HOUR,2011692,EXCHANGE_LATITUDE,3,CHECK_IF_ATTRIBUTE_VALUE_ALIGNED,Attribute value should be aligned with specified string columns separated by comma -[exchange_longitude],Consistency,field,decimal,10,1952067,0,100,Y
CEMOD,BIGDATA,201169,PS_FLSET_SEGG_1_HOUR,2011694,ACCESS_NODE_LONGITUDE,1,CHECK_IF_ATTRIBUTE_HAS_VALUE,Attribute  should have valid values,Completeness,field,decimal,10,242611,34487,86,N
CEMOD,BIGDATA,201169,PS_FLSET_SEGG_1_HOUR,2011694,ACCESS_NODE_LONGITUDE,3,CHECK_IF_ATTRIBUTE_VALUE_ALIGNED,Attribute value should be aligned with specified string columns separated by comma -[access_node_latitude],Consistency,field,decimal,10,305879,0,100,Y
CEMOD,BIGDATA,201169,PS_FLSET_SEGG_1_HOUR,2011695,ACCESS_NODE_LATITUDE,1,CHECK_IF_ATTRIBUTE_HAS_VALUE,Attribute  should have valid values,Completeness,field,decimal,10,242611,34487,86,N
CEMOD,BIGDATA,201169,PS_FLSET_SEGG_1_HOUR,2011695,ACCESS_NODE_LATITUDE,3,CHECK_IF_ATTRIBUTE_VALUE_ALIGNED,Attribute value should be aligned with specified string columns separated by comma -[access_node_longitude],Consistency,field,decimal,10,305879,0,100,Y
CEMOD,BIGDATA,201169,PS_FLSET_SEGG_1_HOUR,2011697,AREA,1,CHECK_IF_ATTRIBUTE_HAS_VALUE,Attribute  should have valid values,Completeness,field,String,10,1408335,46428,97,Y
CEMOD,BIGDATA,201169,PS_FLSET_SEGG_1_HOUR,2011697,AREA,3,CHECK_IF_ATTRIBUTE_VALUE_ALIGNED,Attribute value should be aligned with specified string columns separated by comma -[area_id],Consistency,field,String,10,1952067,2563,100,Y
CEMOD,BIGDATA,201169,PS_FLSET_SEGG_1_HOUR,2011698,SUBS_TYPE,1,CHECK_IF_ATTRIBUTE_HAS_VALUE,Attribute  should have valid values,Completeness,field,String,10,1408335,27811,98,Y
CEMOD,BIGDATA,201169,PS_FLSET_SEGG_1_HOUR,2011698,SUBS_TYPE,14,CHECK_IF_BUSINESS_UNITS_HAS_VALID_VALUES,Business Units should have specified values 'EBU and CBU' -[^(EBU|CBU)$],Range,field,String,10,1968968,0,100,Y
CEMOD,BIGDATA,201169,PS_FLSET_SEGG_1_HOUR,2011698,SUBS_TYPE,3,CHECK_IF_ATTRIBUTE_VALUE_ALIGNED,"Attribute value should be aligned with specified string columns separated by comma -[customer_subcategory,customer_segmentation]",Consistency,field,String,10,1968968,0,100,Y
CEMOD,BIGDATA,201169,PS_FLSET_SEGG_1_HOUR,2011699,EQUIP_LONGITUDE,1,CHECK_IF_ATTRIBUTE_HAS_VALUE,Attribute  should have valid values,Completeness,field,decimal,10,1408335,25010,98,Y
CEMOD,BIGDATA,201169,PS_FLSET_SEGG_1_HOUR,2011699,EQUIP_LONGITUDE,3,CHECK_IF_ATTRIBUTE_VALUE_ALIGNED,Attribute value should be aligned with specified string columns separated by comma -[equip_latitude],Consistency,field,decimal,10,2076781,0,100,Y
CEMOD,BIGDATA,201169,PS_FLSET_SEGG_1_HOUR,20116912,TECHNOLOGY,1,CHECK_IF_ATTRIBUTE_HAS_VALUE,Attribute  should have valid values,Completeness,field,String,10,1408335,46428,97,Y
CEMOD,BIGDATA,201169,PS_FLSET_SEGG_1_HOUR,20116912,TECHNOLOGY,16,CHECK_IF_TECHNOLOGY_HAS_VALID_VALUES,Technology field should have specified values 'Fiber_E2E and Copper' -[^(Fiber_E2E|Copper)$],Range,field,String,10,1820226,0,100,Y
CEMOD,BIGDATA,201169,PS_FLSET_SEGG_1_HOUR,20116912,TECHNOLOGY,3,CHECK_IF_ATTRIBUTE_VALUE_ALIGNED,"Attribute value should be aligned with specified string columns separated by comma -[sub_technology_id,sub_technology]",Consistency,field,String,10,1952067,387885,80,N
CEMOD,BIGDATA,201169,PS_FLSET_SEGG_1_HOUR,20116913,EQUIP_LATITUDE,1,CHECK_IF_ATTRIBUTE_HAS_VALUE,Attribute  should have valid values,Completeness,field,decimal,10,1408335,25010,98,Y
CEMOD,BIGDATA,201169,PS_FLSET_SEGG_1_HOUR,20116913,EQUIP_LATITUDE,3,CHECK_IF_ATTRIBUTE_VALUE_ALIGNED,Attribute value should be aligned with specified string columns separated by comma -[equip_longitude],Consistency,field,decimal,10,2076781,0,100,Y
CEMOD,BIGDATA,201169,PS_FLSET_SEGG_1_HOUR,20116914,ACCESS_NODE_NAME,1,CHECK_IF_ATTRIBUTE_HAS_VALUE,Attribute  should have valid values,Completeness,field,String,10,242611,0,100,Y
CEMOD,BIGDATA,201169,PS_FLSET_SEGG_1_HOUR,20116914,ACCESS_NODE_NAME,3,CHECK_IF_ATTRIBUTE_VALUE_ALIGNED,"Attribute value should be aligned with specified string columns separated by comma -[access_node_id,access_node_latitude,access_node_longitude]",Consistency,field,String,10,1949984,1898360,3,N
CEMOD,BIGDATA,201169,PS_FLSET_SEGG_1_HOUR,20116916,EQUIP_ID,1,CHECK_IF_ATTRIBUTE_HAS_VALUE,Attribute  should have valid values,Completeness,field,String,10,2231043,0,100,Y
CEMOD,BIGDATA,201169,PS_FLSET_SEGG_1_HOUR,20116916,EQUIP_ID,12,CHECK_FOR_EQUIP_ID_PATTERN,Equip_id should have defined pattern '^1[1-4|6|7][0-9]{7}$' -[^1[1-4|6|7][0-9]{7}$],Conformity,field,String,10,2231019,0,100,Y
CEMOD,BIGDATA,201169,PS_FLSET_SEGG_1_HOUR,20116916,EQUIP_ID,8,CHECK_IF_ATTRIBUTE_VALUE_EXIST_IN_REFERENCE_COLUMNS,"Attribute value computed based on the completeness of the specified columns separated by comma. -[exchange_latitude,area,subs_type,equip_longitude,equip_latitude,region,city,equip_vendor,exchange_name,subscriber_id,technology,sub_technology,device_capability,sub_technology_id,access_node_longitude,access_node_latitude,access_node_name,hub_name]",Integrity,field,String,10,2231043,2074895,75,N
CEMOD,BIGDATA,201169,PS_FLSET_SEGG_1_HOUR,20116917,SUBSCRIBER_ID,1,CHECK_IF_ATTRIBUTE_HAS_VALUE,Attribute  should have valid values,Completeness,field,String,10,1408335,24793,98,Y
CEMOD,BIGDATA,201169,PS_FLSET_SEGG_1_HOUR,20116917,SUBSCRIBER_ID,9,CHECK_FOR_SUBSCRIBER_ID_PATTERN,Subscriber_id should have defined pattern '^1[1-4|6|7][0-9]{7}$' -[^1[1-4|6|7][0-9]{7}$],Conformity,field,String,10,2076175,24,100,Y
CEMOD,BIGDATA,201169,PS_FLSET_SEGG_1_HOUR,20116917,SUBSCRIBER_ID,3,CHECK_IF_ATTRIBUTE_VALUE_ALIGNED,"Attribute value should be aligned with specified string columns separated by comma -[subs_type,customer_segmentation,customer_subcategory]",Consistency,field,String,10,2076175,107207,95,Y
CEMOD,BIGDATA,201169,PS_FLSET_SEGG_1_HOUR,20116918,REGION,1,CHECK_IF_ATTRIBUTE_HAS_VALUE,Attribute  should have valid values,Completeness,field,String,10,1408335,46428,97,Y
CEMOD,BIGDATA,201169,PS_FLSET_SEGG_1_HOUR,20116918,REGION,3,CHECK_IF_ATTRIBUTE_VALUE_ALIGNED,"Attribute value should be aligned with specified string columns separated by comma -[city_id,city,area_id,area]",Consistency,field,String,10,1952067,2563,100,Y
CEMOD,BIGDATA,201169,PS_FLSET_SEGG_1_HOUR,20116920,HUB_NAME,1,CHECK_IF_ATTRIBUTE_HAS_VALUE,Attribute  should have valid values,Completeness,field,String,10,1357836,0,100,Y
CEMOD,BIGDATA,201169,PS_FLSET_SEGG_1_HOUR,20116920,HUB_NAME,3,CHECK_IF_ATTRIBUTE_VALUE_ALIGNED,"Attribute value should be aligned with specified string columns separated by comma -[hub_id,hub_latitude,hub_longitude]",Consistency,field,String,10,1952067,39909,98,Y
CEMOD,BIGDATA,201169,PS_FLSET_SEGG_1_HOUR,20116926,CITY,1,CHECK_IF_ATTRIBUTE_HAS_VALUE,Attribute  should have valid values,Completeness,field,String,10,1408335,46428,97,Y
CEMOD,BIGDATA,201169,PS_FLSET_SEGG_1_HOUR,20116926,CITY,3,CHECK_IF_ATTRIBUTE_VALUE_ALIGNED,"Attribute value should be aligned with specified string columns separated by comma -[city_id,area_id,area]",Consistency,field,String,10,1952067,2563,100,Y
CEMOD,BIGDATA,201169,PS_FLSET_SEGG_1_HOUR,20116927,EQUIP_VENDOR,1,CHECK_IF_ATTRIBUTE_HAS_VALUE,Attribute  should have valid values,Completeness,field,String,10,1408335,513358,64,N
CEMOD,BIGDATA,201169,PS_FLSET_SEGG_1_HOUR,20116927,EQUIP_VENDOR,3,CHECK_IF_ATTRIBUTE_VALUE_ALIGNED,Attribute value should be aligned with specified string columns separated by comma -[EQUIP_MODEL],Consistency,field,String,10,1157271,0,100,Y
CEMOD,BIGDATA,201169,PS_FLSET_SEGG_1_HOUR,20116930,EXCHANGE_NAME,1,CHECK_IF_ATTRIBUTE_HAS_VALUE,Attribute  should have valid values,Completeness,field,String,10,1408335,46428,97,Y
CEMOD,BIGDATA,201169,PS_FLSET_SEGG_1_HOUR,20116930,EXCHANGE_NAME,3,CHECK_IF_ATTRIBUTE_VALUE_ALIGNED,"Attribute value should be aligned with specified string columns separated by comma -[exchange_id,exchange_latitude,exchange_longitude]",Consistency,field,String,10,1952067,2563,100,Y
CEMOD,BIGDATA,201169,PS_FLSET_SEGG_1_HOUR,20116934,DEVICE_CAPABILITY,1,CHECK_IF_ATTRIBUTE_HAS_VALUE,Attribute  should have valid values,Completeness,field,String,10,1408335,504632,64,N
CEMOD,BIGDATA,201169,PS_FLSET_SEGG_1_HOUR,20116934,DEVICE_CAPABILITY,13,CHECK_IF_DEVICE_CAPABILITY_HAS_VALID_VALUES,"Device capability field should have specified values like 'FIBER, 2.4GHZ,COPPER,DUAL BAND and NA' -[^(FIBER|2.4GHZ|COPPER|DUAL BAND|NA)$]",Range,field,String,10,1165190,0,100,Y
CEMOD,BIGDATA,201169,PS_FLSET_SEGG_1_HOUR,20116934,DEVICE_CAPABILITY,3,CHECK_IF_ATTRIBUTE_VALUE_ALIGNED,Attribute value should be aligned with specified string columns separated by comma -[EQUIP_MODEL],Consistency,field,String,10,1165190,0,100,Y
CEMOD,BIGDATA,201169,PS_FLSET_SEGG_1_HOUR,20116935,SUB_TECHNOLOGY,1,CHECK_IF_ATTRIBUTE_HAS_VALUE,Attribute  should have valid values,Completeness,field,String,10,1408335,304131,78,N
CEMOD,BIGDATA,201169,PS_FLSET_SEGG_1_HOUR,20116935,SUB_TECHNOLOGY,25,CHECK_IF_SUB_TECHNOLOGY_HAS_VALID_VALUES,"Sub technology field should have specified values like ADSL,FTTD,VDSL and FTTX -[^(ADSL|FTTD|VDSL|FTTX)$]",Range,field,String,10,1657912,1232633,26,N
CEMOD,BIGDATA,201169,PS_FLSET_SEGG_1_HOUR,20116935,SUB_TECHNOLOGY,3,CHECK_IF_ATTRIBUTE_VALUE_ALIGNED,Attribute value should be aligned with specified string columns separated by comma -[sub_technology_id],Consistency,field,String,10,1657912,93730,94,Y
CEMOD,BIGDATA,201169,PS_FLSET_SEGG_1_HOUR,20116936,SUB_TECHNOLOGY_ID,1,CHECK_IF_ATTRIBUTE_HAS_VALUE,Attribute  should have valid values,Completeness,field,bigint,10,1408335,306614,78,N
CEMOD,BIGDATA,201169,PS_FLSET_SEGG_1_HOUR,20116936,SUB_TECHNOLOGY_ID,3,CHECK_IF_ATTRIBUTE_VALUE_ALIGNED,Attribute value should be aligned with specified string columns separated by comma -[sub_technology],Consistency,field,bigint,10,1564182,0,100,Y
CEMOD,BIGDATA,200100,US_CRM_ORDER_1,2001001,REPORT_TIME,1,CHECK_IF_ATTRIBUTE_HAS_VALUE,Attribute  should have valid values,Completeness,field,Datetime,10,1293817,0,100,Y
CEMOD,BIGDATA,200100,US_CRM_ORDER_1,2001002,LOAD_TIME,1,CHECK_IF_ATTRIBUTE_HAS_VALUE,Attribute  should have valid values,Completeness,field,Datetime,10,1293817,0,100,Y
CEMOD,BIGDATA,200100,US_CRM_ORDER_1,2001003,EVENT_START,1,CHECK_IF_ATTRIBUTE_HAS_VALUE,Attribute  should have valid values,Completeness,field,Datetime,10,1293817,0,100,Y
CEMOD,BIGDATA,200100,US_CRM_ORDER_1,2001004,EVENT_STOP,1,CHECK_IF_ATTRIBUTE_HAS_VALUE,Attribute  should have valid values,Completeness,field,Datetime,10,1293817,0,100,Y
CEMOD,BIGDATA,200100,US_CRM_ORDER_1,2001005,CRM_ORDER_ID,1,CHECK_IF_ATTRIBUTE_HAS_VALUE,Attribute  should have valid values,Completeness,field,String,10,1293817,25,100,Y
CEMOD,BIGDATA,200100,US_CRM_ORDER_1,2001005,CRM_ORDER_ID,15,CHECK_IF_CRM_ORDER_ID_HAS_VALID_PREFIX,crm order id's should starts with one or three -[^[13]],Conformity,field,String,10,1293817,25,100,Y
CEMOD,BIGDATA,200100,US_CRM_ORDER_1,2001005,CRM_ORDER_ID,3,CHECK_IF_ATTRIBUTE_VALUE_ALIGNED,"Attribute value should be aligned with specified string columns separated by comma -[CRM_ORDER_TYPE,CRM_ORDER_SUBTYPE]",Consistency,field,String,10,1293792,34,100,Y
CEMOD,BIGDATA,200100,US_CRM_ORDER_1,2001006,CRM_ORDER_TYPE,1,CHECK_IF_ATTRIBUTE_HAS_VALUE,Attribute  should have valid values,Completeness,field,String,10,1293817,49,100,Y
CEMOD,BIGDATA,200100,US_CRM_ORDER_1,2001006,CRM_ORDER_TYPE,46,CHECK_FOR_CRM_ORDER_TYPE_HAS_VALID_VALUE,crm order type field should have specified values -[^(Change of Technology|Change PhoneNumber|Change SIM|Disconnect|Dunning|Modify|New|Transfer)$],Range,field,String,10,1293817,49,100,Y
CEMOD,BIGDATA,200100,US_CRM_ORDER_1,2001006,CRM_ORDER_TYPE,3,CHECK_IF_ATTRIBUTE_VALUE_ALIGNED,Attribute value should be aligned with specified string columns separated by comma -[CRM_ORDER_SUBTYPE],Consistency,field,String,10,1293768,10,100,Y
CEMOD,BIGDATA,200100,US_CRM_ORDER_1,2001007,CRM_ORDER_SUBTYPE,1,CHECK_IF_ATTRIBUTE_HAS_VALUE,Attribute  should have valid values,Completeness,field,String,10,1293817,59,100,Y
CEMOD,BIGDATA,200100,US_CRM_ORDER_1,2001007,CRM_ORDER_SUBTYPE,3,CHECK_IF_ATTRIBUTE_VALUE_ALIGNED,Attribute value should be aligned with specified string columns separated by comma -[CRM_ORDER_TYPE],Consistency,field,String,10,1293758,0,100,Y
CEMOD,BIGDATA,200100,US_CRM_ORDER_1,2001008,CRM_ORDER_STATE,1,CHECK_IF_ATTRIBUTE_HAS_VALUE,Attribute  should have valid values,Completeness,field,String,10,1293817,25,100,Y
CEMOD,BIGDATA,200100,US_CRM_ORDER_1,2001008,CRM_ORDER_STATE,47,CHECK_FOR_CRM_ORDER_STATE_HAS_VALID_VALUE,crm order state field should have specified values -[^(Cancelled|Complete|Failed|Held|Held SMS|Open|Partially Failed|Pending Cancel|Submitted|Validated|Pending|Pending Authorized User FP|Awaiting Approval)$],Range,field,String,10,1293817,2239,100,Y
CEMOD,BIGDATA,200100,US_CRM_ORDER_1,2001008,CRM_ORDER_STATE,3,CHECK_IF_ATTRIBUTE_VALUE_ALIGNED,"Attribute value should be aligned with specified string columns separated by comma -[CRM_ORDER_TYPE,CRM_ORDER_SUBTYPE]",Consistency,field,String,10,1293792,34,100,Y
CEMOD,BIGDATA,200100,US_CRM_ORDER_1,2001009,CRM_ORDER_CAUSE,1,CHECK_IF_ATTRIBUTE_HAS_VALUE,Attribute  should have valid values,Completeness,field,String,10,390870,32069,92,Y
CEMOD,BIGDATA,200100,US_CRM_ORDER_1,2001009,CRM_ORDER_CAUSE,3,CHECK_IF_ATTRIBUTE_VALUE_ALIGNED,Attribute value should be aligned with specified string columns separated by comma -[CRM_ORDER_CAUSE_DESC],Consistency,field,String,10,358801,4643,99,Y
CEMOD,BIGDATA,200100,US_CRM_ORDER_1,20010010,CRM_ORDER_CAUSE_DESC,1,CHECK_IF_ATTRIBUTE_HAS_VALUE,Attribute  should have valid values,Completeness,field,String,10,390870,21808,94,Y
CEMOD,BIGDATA,200100,US_CRM_ORDER_1,20010011,CRM_ORDER_CRT_TIME,1,CHECK_IF_ATTRIBUTE_HAS_VALUE,Attribute  should have valid values,Completeness,field,Datetime,10,1293817,25,100,Y
CEMOD,BIGDATA,200100,US_CRM_ORDER_1,20010011,CRM_ORDER_CRT_TIME,3,CHECK_IF_ATTRIBUTE_VALUE_ALIGNED,"Attribute value should be aligned with specified string columns separated by comma -[CRM_ORDER_ID,CRM_ORDER_TYPE]",Consistency,field,Datetime,10,1293792,24,100,Y
CEMOD,BIGDATA,200100,US_CRM_ORDER_1,20010012,CRM_ORDER_SUB_TIME,1,CHECK_IF_ATTRIBUTE_HAS_VALUE,Attribute  should have valid values,Completeness,field,Datetime,10,1293817,18983,99,Y
CEMOD,BIGDATA,200100,US_CRM_ORDER_1,20010012,CRM_ORDER_SUB_TIME,3,CHECK_IF_ATTRIBUTE_VALUE_ALIGNED,Attribute value should be aligned with specified string columns separated by comma -[CRM_ORDER_CRT_TIME],Consistency,field,Datetime,10,1274834,0,100,Y
CEMOD,BIGDATA,200100,US_CRM_ORDER_1,20010013,CRM_ORDER_CMP_TIME,1,CHECK_IF_ATTRIBUTE_HAS_VALUE,Attribute  should have valid values,Completeness,field,Datetime,10,28387,2772,90,Y
CEMOD,BIGDATA,200100,US_CRM_ORDER_1,20010013,CRM_ORDER_CMP_TIME,3,CHECK_IF_ATTRIBUTE_VALUE_ALIGNED,"Attribute value should be aligned with specified string columns separated by comma -[CRM_ORDER_CRT_TIME,CRM_ORDER_TYPE]",Consistency,field,Datetime,10,27581,0,100,Y
CEMOD,BIGDATA,200100,US_CRM_ORDER_1,20010014,CRM_DESC_MESSAGE,1,CHECK_IF_ATTRIBUTE_HAS_VALUE,Attribute  should have valid values,Completeness,field,String,10,1293817,25,100,Y
CEMOD,BIGDATA,200100,US_CRM_ORDER_1,20010016,ACCOUNT_NO,1,CHECK_IF_ATTRIBUTE_HAS_VALUE,Attribute  should have valid values,Completeness,field,String,10,1293817,105158,92,Y
CEMOD,BIGDATA,200100,US_CRM_ORDER_1,20010017,CRM_ALERT_NO,1,CHECK_IF_ATTRIBUTE_HAS_VALUE,Attribute  should have valid values,Completeness,field,String,10,1293817,1285002,1,N
CEMOD,BIGDATA,200100,US_CRM_ORDER_1,20010018,CRM_ORDER_UPDT_TIME,1,CHECK_IF_ATTRIBUTE_HAS_VALUE,Attribute  should have valid values,Completeness,field,Datetime,10,1293817,25,100,Y
CEMOD,BIGDATA,200100,US_CRM_ORDER_1,20010019,CRM_IS_REL_DUNNING,1,CHECK_IF_ATTRIBUTE_HAS_VALUE,Attribute  should have valid values,Completeness,field,String,10,1293817,25,100,Y
CEMOD,BIGDATA,200100,US_CRM_ORDER_1,20010019,CRM_IS_REL_DUNNING,32,CHECK_IF_REL_DUNNING_HAS_VALID_VALUES,rel dunning fields should have zero or one  -[^0$|^1$],Range,field,String,10,1293817,25,100,Y
CEMOD,BIGDATA,200100,US_CRM_ORDER_1,20010021,CRM_FSBLTY_FAILED,1,CHECK_IF_ATTRIBUTE_HAS_VALUE,Attribute  should have valid values,Completeness,field,String,10,1151832,446072,61,N
CEMOD,BIGDATA,200100,US_CRM_ORDER_1,20010021,CRM_FSBLTY_FAILED,31,CHECK_IF_CRM_FESBILITY_FAILED_HAS_VALID_VALUES,crm feasibility failed fields should have zero or one  -[^0$|^1$],Range,field,String,10,705760,0,100,Y
CEMOD,BIGDATA,200100,US_CRM_ORDER_1,20010022,CRM_CLOSED_BY,1,CHECK_IF_ATTRIBUTE_HAS_VALUE,Attribute  should have valid values,Completeness,field,String,10,1293817,1286530,1,N
CEMOD,BIGDATA,200100,US_CRM_ORDER_1,20010022,CRM_CLOSED_BY,34,CHECK_IF_CRM_CLOSED_BY_HAS_VALID_VALUES,crm_closedby field should have values like STC and Subscribers -[^(STC|Subscriber)$],Range,field,String,10,1293817,1286530,1,N
CEMOD,BIGDATA,200100,US_CRM_ORDER_1,20010023,SPARE_DIM_1,1,CHECK_IF_ATTRIBUTE_HAS_VALUE,Attribute  should have valid values,Completeness,field,String,10,1293817,25,100,Y
CEMOD,BIGDATA,200100,US_CRM_ORDER_1,20010023,SPARE_DIM_1,44,CHECK_IF_SPARE_DIM_1_HAS_VALID_VALUES,Spare dim 1 field should have specified values like 'B2B and B2C' -[^(B2B|B2C)$],Range,field,String,10,1293792,0,100,Y
CEMOD,BIGDATA,200100,US_CRM_ORDER_1,20010026,EQUIP_ID_SEQ,1,CHECK_IF_ATTRIBUTE_HAS_VALUE,Attribute  should have valid values,Completeness,field,Number,10,1293817,0,100,Y
CEMOD,BIGDATA,200100,US_CRM_ORDER_1,20010027,AREA_ID,1,CHECK_IF_ATTRIBUTE_HAS_VALUE,Attribute  should have valid values,Completeness,field,Number,10,742208,34014,95,Y
CEMOD,BIGDATA,200100,US_CRM_ORDER_1,20010029,CUSTOMER_SUBCATEGORY,1,CHECK_IF_ATTRIBUTE_HAS_VALUE,Attribute  should have valid values,Completeness,field,String,10,742208,18968,97,Y
CEMOD,BIGDATA,200100,US_CRM_ORDER_1,20010029,CUSTOMER_SUBCATEGORY,10,CHECK_IF_CUSTOMER_SUB_CATEGORY_HAS_VALID_PREFIX,Customer subcategory values should starts with B2B and B2C -[^(B2B|B2C)],Conformity,field,String,10,1021230,0,100,Y
CEMOD,BIGDATA,200100,US_CRM_ORDER_1,20010032,EXCHANGE_ID,1,CHECK_IF_ATTRIBUTE_HAS_VALUE,Attribute  should have valid values,Completeness,field,Number,10,742208,34014,95,Y
CEMOD,BIGDATA,200100,US_CRM_ORDER_1,20010036,EQUIP_MODEL,1,CHECK_IF_ATTRIBUTE_HAS_VALUE,Attribute  should have valid values,Completeness,field,String,10,742208,221129,70,N
CEMOD,BIGDATA,200100,US_CRM_ORDER_1,20010037,HUB_LATITUDE,1,CHECK_IF_ATTRIBUTE_HAS_VALUE,Attribute  should have valid values,Completeness,field,Decimal,10,708194,13629,98,Y
CEMOD,BIGDATA,200100,US_CRM_ORDER_1,20010040,ASSOCIATION_NAME,1,CHECK_IF_ATTRIBUTE_HAS_VALUE,Attribute  should have valid values,Completeness,field,String,10,742208,742021,0,N
CEMOD,BIGDATA,200100,US_CRM_ORDER_1,20010042,HUB_ID,1,CHECK_IF_ATTRIBUTE_HAS_VALUE,Attribute  should have valid values,Completeness,field,Number,10,708194,0,100,Y
CEMOD,BIGDATA,200100,US_CRM_ORDER_1,20010044,CUSTOMER_SEGMENTATION,1,CHECK_IF_ATTRIBUTE_HAS_VALUE,Attribute  should have valid values,Completeness,field,String,10,742208,18968,97,Y
CEMOD,BIGDATA,200100,US_CRM_ORDER_1,20010044,CUSTOMER_SEGMENTATION,11,CHECK_IF_CUSTOMER_SEGMENT_HAS_VALID_PREFIX,Customer segment values should starts with B2B and B2C -[^(B2B|B2C)],Conformity,field,String,10,1021230,0,100,Y
CEMOD,BIGDATA,200100,US_CRM_ORDER_1,20010046,HUB_LONGITUDE,1,CHECK_IF_ATTRIBUTE_HAS_VALUE,Attribute  should have valid values,Completeness,field,Decimal,10,708194,13629,98,Y
CEMOD,BIGDATA,200100,US_CRM_ORDER_1,20010047,CITY_ID,1,CHECK_IF_ATTRIBUTE_HAS_VALUE,Attribute  should have valid values,Completeness,field,Number,10,742208,34014,95,Y
CEMOD,BIGDATA,200100,US_CRM_ORDER_1,20010049,EXCHANGE_LONGITUDE,1,CHECK_IF_ATTRIBUTE_HAS_VALUE,Attribute  should have valid values,Completeness,field,Decimal,10,742208,34014,95,Y
CEMOD,BIGDATA,200100,US_CRM_ORDER_1,20010051,ACCESS_NODE_ID,1,CHECK_IF_ATTRIBUTE_HAS_VALUE,Attribute  should have valid values,Completeness,field,String,10,742208,34014,95,Y
CEMOD,BIGDATA,200100,US_CRM_ORDER_1,20010052,PARENT_GROUP_NAME,1,CHECK_IF_ATTRIBUTE_HAS_VALUE,Attribute  should have valid values,Completeness,field,String,10,742208,18968,97,Y
CEMOD,BIGDATA,200100,US_CRM_ORDER_1,20010067,AREA_ID_2,1,CHECK_IF_ATTRIBUTE_HAS_VALUE,Attribute  should have valid values,Completeness,field,Number,10,6577,4372,34,N
CEMOD,BIGDATA,200100,US_CRM_ORDER_1,20010068,EXCHANGE_LATITUDE_2,1,CHECK_IF_ATTRIBUTE_HAS_VALUE,Attribute  should have valid values,Completeness,field,Decimal,10,6577,4354,34,N
CEMOD,BIGDATA,200100,US_CRM_ORDER_1,20010068,EXCHANGE_LATITUDE_2,3,CHECK_IF_ATTRIBUTE_VALUE_ALIGNED,Attribute value should be aligned with specified string columns separated by comma -[exchange_longitude_2],Consistency,field,Decimal,10,170701,0,100,Y
CEMOD,BIGDATA,200100,US_CRM_ORDER_1,20010069,CUSTOMER_SUBCATEGORY_2,1,CHECK_IF_ATTRIBUTE_HAS_VALUE,Attribute  should have valid values,Completeness,field,String,10,6577,4354,34,N
CEMOD,BIGDATA,200100,US_CRM_ORDER_1,20010069,CUSTOMER_SUBCATEGORY_2,10,CHECK_IF_CUSTOMER_SUB_CATEGORY_HAS_VALID_PREFIX,Customer subcategory values should starts with B2B and B2C -[^(B2B|B2C)],Conformity,field,String,10,170701,0,100,Y
CEMOD,BIGDATA,200100,US_CRM_ORDER_1,20010070,ACCESS_NODE_LONGITUDE_2,1,CHECK_IF_ATTRIBUTE_HAS_VALUE,Attribute  should have valid values,Completeness,field,Decimal,10,679,634,7,N
CEMOD,BIGDATA,200100,US_CRM_ORDER_1,20010070,ACCESS_NODE_LONGITUDE_2,3,CHECK_IF_ATTRIBUTE_VALUE_ALIGNED,Attribute value should be aligned with specified string columns separated by comma -[access_node_latitude_2],Consistency,field,Decimal,10,20996,0,100,Y
CEMOD,BIGDATA,200100,US_CRM_ORDER_1,20010071,ACCESS_NODE_LATITUDE_2,1,CHECK_IF_ATTRIBUTE_HAS_VALUE,Attribute  should have valid values,Completeness,field,Decimal,10,679,634,7,N
CEMOD,BIGDATA,200100,US_CRM_ORDER_1,20010071,ACCESS_NODE_LATITUDE_2,3,CHECK_IF_ATTRIBUTE_VALUE_ALIGNED,Attribute value should be aligned with specified string columns separated by comma -[access_node_longitude_2],Consistency,field,Decimal,10,20996,0,100,Y
CEMOD,BIGDATA,200100,US_CRM_ORDER_1,20010072,EXCHANGE_ID_2,1,CHECK_IF_ATTRIBUTE_HAS_VALUE,Attribute  should have valid values,Completeness,field,Number,10,6577,4372,34,N
CEMOD,BIGDATA,200100,US_CRM_ORDER_1,20010073,AREA_2,1,CHECK_IF_ATTRIBUTE_HAS_VALUE,Attribute  should have valid values,Completeness,field,String,10,6577,4354,34,N
CEMOD,BIGDATA,200100,US_CRM_ORDER_1,20010073,AREA_2,3,CHECK_IF_ATTRIBUTE_VALUE_ALIGNED,Attribute value should be aligned with specified string columns separated by comma -[area_id_2],Consistency,field,String,10,170701,5529,97,Y
CEMOD,BIGDATA,200100,US_CRM_ORDER_1,20010074,SUBS_TYPE_2,1,CHECK_IF_ATTRIBUTE_HAS_VALUE,Attribute  should have valid values,Completeness,field,String,10,6577,4354,34,N
CEMOD,BIGDATA,200100,US_CRM_ORDER_1,20010074,SUBS_TYPE_2,14,CHECK_IF_BUSINESS_UNITS_HAS_VALID_VALUES,Business Units should have specified values 'EBU and CBU' -[^(EBU|CBU)$],Range,field,String,10,170701,0,100,Y
CEMOD,BIGDATA,200100,US_CRM_ORDER_1,20010074,SUBS_TYPE_2,3,CHECK_IF_ATTRIBUTE_VALUE_ALIGNED,"Attribute value should be aligned with specified string columns separated by comma -[customer_subcategory_2,customer_segmentation_2]",Consistency,field,String,10,170701,0,100,Y
CEMOD,BIGDATA,200100,US_CRM_ORDER_1,20010075,EQUIP_LONGITUDE_2,1,CHECK_IF_ATTRIBUTE_HAS_VALUE,Attribute  should have valid values,Completeness,field,Decimal,10,6577,4354,34,N
CEMOD,BIGDATA,200100,US_CRM_ORDER_1,20010075,EQUIP_LONGITUDE_2,3,CHECK_IF_ATTRIBUTE_VALUE_ALIGNED,Attribute value should be aligned with specified string columns separated by comma -[equip_latitude_2],Consistency,field,Decimal,10,170701,0,100,Y
CEMOD,BIGDATA,200100,US_CRM_ORDER_1,20010077,HUB_LATITUDE_2,1,CHECK_IF_ATTRIBUTE_HAS_VALUE,Attribute  should have valid values,Completeness,field,Decimal,10,1603,0,100,Y
CEMOD,BIGDATA,200100,US_CRM_ORDER_1,20010078,EQUIP_LATITUDE_2,1,CHECK_IF_ATTRIBUTE_HAS_VALUE,Attribute  should have valid values,Completeness,field,Decimal,10,6577,4354,34,N
CEMOD,BIGDATA,200100,US_CRM_ORDER_1,20010078,EQUIP_LATITUDE_2,3,CHECK_IF_ATTRIBUTE_VALUE_ALIGNED,Attribute value should be aligned with specified string columns separated by comma -[equip_longitude_2],Consistency,field,Decimal,10,170701,0,100,Y
CEMOD,BIGDATA,200100,US_CRM_ORDER_1,20010079,ACCESS_NODE_NAME_2,1,CHECK_IF_ATTRIBUTE_HAS_VALUE,Attribute  should have valid values,Completeness,field,String,10,679,0,100,Y
CEMOD,BIGDATA,200100,US_CRM_ORDER_1,20010079,ACCESS_NODE_NAME_2,3,CHECK_IF_ATTRIBUTE_VALUE_ALIGNED,"Attribute value should be aligned with specified string columns separated by comma -[access_node_id_2,access_node_latitude_2,access_node_longitude_2]",Consistency,field,String,10,88273,74588,16,Y
CEMOD,BIGDATA,200100,US_CRM_ORDER_1,20010081,REGION_2,1,CHECK_IF_ATTRIBUTE_HAS_VALUE,Attribute  should have valid values,Completeness,field,String,10,6577,4354,34,N
CEMOD,BIGDATA,200100,US_CRM_ORDER_1,20010081,REGION_2,3,CHECK_IF_ATTRIBUTE_VALUE_ALIGNED,"Attribute value should be aligned with specified string columns separated by comma -[city_id_2,city_2,area_id_2,area_2]",Consistency,field,String,10,170701,5529,97,Y
CEMOD,BIGDATA,200100,US_CRM_ORDER_1,20010082,HUB_ID_2,1,CHECK_IF_ATTRIBUTE_HAS_VALUE,Attribute  should have valid values,Completeness,field,Number,10,1603,18,99,Y
CEMOD,BIGDATA,200100,US_CRM_ORDER_1,20010083,HUB_NAME_2,1,CHECK_IF_ATTRIBUTE_HAS_VALUE,Attribute  should have valid values,Completeness,field,String,10,1603,0,100,Y
CEMOD,BIGDATA,200100,US_CRM_ORDER_1,20010083,HUB_NAME_2,3,CHECK_IF_ATTRIBUTE_VALUE_ALIGNED,"Attribute value should be aligned with specified string columns separated by comma -[hub_id_2,hub_latitude_2,hub_longitude_2]",Consistency,field,String,10,170701,5529,97,Y
CEMOD,BIGDATA,200100,US_CRM_ORDER_1,20010084,CUSTOMER_SEGMENTATION_2,1,CHECK_IF_ATTRIBUTE_HAS_VALUE,Attribute  should have valid values,Completeness,field,String,10,6577,4354,34,N
CEMOD,BIGDATA,200100,US_CRM_ORDER_1,20010084,CUSTOMER_SEGMENTATION_2,11,CHECK_IF_CUSTOMER_SEGMENT_HAS_VALID_PREFIX,Customer segment values should starts with B2B and B2C -[^(B2B|B2C)],Conformity,field,String,10,170701,0,100,Y
CEMOD,BIGDATA,200100,US_CRM_ORDER_1,20010086,HUB_LONGITUDE_2,1,CHECK_IF_ATTRIBUTE_HAS_VALUE,Attribute  should have valid values,Completeness,field,Decimal,10,1603,0,100,Y
CEMOD,BIGDATA,200100,US_CRM_ORDER_1,20010087,CITY_ID_2,1,CHECK_IF_ATTRIBUTE_HAS_VALUE,Attribute  should have valid values,Completeness,field,Number,10,6577,4372,34,N
CEMOD,BIGDATA,200100,US_CRM_ORDER_1,20010088,CITY_2,1,CHECK_IF_ATTRIBUTE_HAS_VALUE,Attribute  should have valid values,Completeness,field,String,10,6577,4354,34,N
CEMOD,BIGDATA,200100,US_CRM_ORDER_1,20010088,CITY_2,3,CHECK_IF_ATTRIBUTE_VALUE_ALIGNED,"Attribute value should be aligned with specified string columns separated by comma -[city_id_2,area_id_2,area_2]",Consistency,field,String,10,170701,5529,97,Y
CEMOD,BIGDATA,200100,US_CRM_ORDER_1,20010089,EXCHANGE_LONGITUDE_2,1,CHECK_IF_ATTRIBUTE_HAS_VALUE,Attribute  should have valid values,Completeness,field,Decimal,10,6577,4354,34,N
CEMOD,BIGDATA,200100,US_CRM_ORDER_1,20010091,ACCESS_NODE_ID_2,1,CHECK_IF_ATTRIBUTE_HAS_VALUE,Attribute  should have valid values,Completeness,field,String,10,6577,4354,34,N
CEMOD,BIGDATA,200100,US_CRM_ORDER_1,20010092,PARENT_GROUP_NAME_2,1,CHECK_IF_ATTRIBUTE_HAS_VALUE,Attribute  should have valid values,Completeness,field,String,10,6577,4354,34,N
CEMOD,BIGDATA,200100,US_CRM_ORDER_1,20010093,EXCHANGE_NAME_2,1,CHECK_IF_ATTRIBUTE_HAS_VALUE,Attribute  should have valid values,Completeness,field,String,10,6577,4354,34,N
CEMOD,BIGDATA,200100,US_CRM_ORDER_1,20010093,EXCHANGE_NAME_2,3,CHECK_IF_ATTRIBUTE_VALUE_ALIGNED,"Attribute value should be aligned with specified string columns separated by comma -[exchange_id_2,exchange_latitude_2,exchange_longitude_2]",Consistency,field,String,10,170701,5529,97,Y
CEMOD,BIGDATA,200100,US_CRM_ORDER_1,20010094,SUBSCRIBER_ID_2,1,CHECK_IF_ATTRIBUTE_HAS_VALUE,Attribute  should have valid values,Completeness,field,String,10,6577,4354,34,N
CEMOD,BIGDATA,200100,US_CRM_ORDER_1,20010094,SUBSCRIBER_ID_2,9,CHECK_FOR_SUBSCRIBER_ID_PATTERN,Subscriber_id should have defined pattern '^1[1-4|6|7][0-9]{7}$' -[^1[1-4|6|7][0-9]{7}$],Conformity,field,String,10,170701,0,100,Y
CEMOD,BIGDATA,200100,US_CRM_ORDER_1,20010094,SUBSCRIBER_ID_2,3,CHECK_IF_ATTRIBUTE_VALUE_ALIGNED,"Attribute value should be aligned with specified string columns separated by comma -[subs_type_2,customer_segmentation_2,customer_subcategory_2]",Consistency,field,String,10,170701,0,100,Y
CEMOD,BIGDATA,200100,US_CRM_ORDER_1,20010095,TECHNOLOGY_2,1,CHECK_IF_ATTRIBUTE_HAS_VALUE,Attribute  should have valid values,Completeness,field,String,10,6577,4354,34,N
CEMOD,BIGDATA,200100,US_CRM_ORDER_1,20010095,TECHNOLOGY_2,16,CHECK_IF_TECHNOLOGY_HAS_VALID_VALUES,Technology field should have specified values 'Fiber_E2E and Copper' -[^(Fiber_E2E|Copper)$],Range,field,String,10,95274,0,100,Y
CEMOD,BIGDATA,200100,US_CRM_ORDER_1,20010095,TECHNOLOGY_2,3,CHECK_IF_ATTRIBUTE_VALUE_ALIGNED,Attribute value should be aligned with specified string columns separated by comma -[sub_technology_2],Consistency,field,String,10,167542,0,100,Y
CEMOD,BIGDATA,200100,US_CRM_ORDER_1,20010096,SUB_TECHNOLOGY_2,1,CHECK_IF_ATTRIBUTE_HAS_VALUE,Attribute  should have valid values,Completeness,field,String,10,6577,4354,34,N
CEMOD,BIGDATA,200100,US_CRM_ORDER_1,20010096,SUB_TECHNOLOGY_2,25,CHECK_IF_SUB_TECHNOLOGY_HAS_VALID_VALUES,"Sub technology field should have specified values like ADSL,FTTD,VDSL and FTTX -[^(ADSL|FTTD|VDSL|FTTX)$]",Range,field,String,10,95274,0,100,Y
CEMOD,BIGDATA,200100,US_CRM_ORDER_1,20010096,SUB_TECHNOLOGY_2,3,CHECK_IF_ATTRIBUTE_VALUE_ALIGNED,Attribute value should be aligned with specified string columns separated by comma -[technology_2],Consistency,field,String,10,167542,0,100,Y
CEMOD,BIGDATA,200100,US_CRM_ORDER_1,20010097,SUB_TECHNOLOGY_ID_2,1,CHECK_IF_ATTRIBUTE_HAS_VALUE,Attribute  should have valid values,Completeness,field,Number,10,5957,4354,27,N
CEMOD,BIGDATA,200100,US_CRM_ORDER_1,20010097,SUB_TECHNOLOGY_ID_2,3,CHECK_IF_ATTRIBUTE_VALUE_ALIGNED,Attribute value should be aligned with specified string columns separated by comma -[sub_technology_2],Consistency,field,Number,10,95274,0,100,Y
